{
  "name": "VTOLVR Supercarrier",
  "description": "This is an alpha build, shit don't work that well",
  "dll_file": "Supercarrier.dll",
  "last_edit": 638142416022498005,
  "pub_id": "",
  "json_version": "",
  "version": "0.0.3.2",
  "tagline": "Where's your crew?",
  "repository": "https://github.com/The-Faulty/VTOLVR-Supercarrier",
  "is_public": false,
  "unlisted": false,
  "preview_image": "preview.png",
  "web_preview_image": "web_preview.png",
  "dependencies": [],
  "mod_dependencies": null,
  "menu_mod": false,
  "ContentType": 3
}